<?xml version="1.0" encoding="UTF-8"?>
<project-private xmlns="http://www.netbeans.org/ns/project-private/1">
    <editor-bookmarks xmlns="http://www.netbeans.org/ns/editor-bookmarks/2" lastBookmarkId="0"/>
    <open-files xmlns="http://www.netbeans.org/ns/projectui-open-files/2">
        <group name="Proyectos Intro a la Programación"/>
        <group>
            <file>file:/D:/TRABAJO/Avance-Proyecto-copia-10/Avance-Proyecto_copia_2/src/proyecto/Informacion.java</file>
            <file>file:/D:/TRABAJO/Avance-Proyecto-copia-10/Avance-Proyecto_copia_2/src/proyecto/main.java</file>
            <file>file:/D:/TRABAJO/Avance-Proyecto-copia-10/Avance-Proyecto_copia_2/src/proyecto/Menu.java</file>
            <file>file:/D:/TRABAJO/Avance-Proyecto-copia-10/Avance-Proyecto_copia_2/src/proyecto/Recuerdos.java</file>
            <file>file:/D:/TRABAJO/Avance-Proyecto-copia-10/Avance-Proyecto_copia_2/src/proyecto/Horarios.java</file>
            <file>file:/D:/TRABAJO/Avance-Proyecto-copia-10/Avance-Proyecto_copia_2/src/proyecto/Datos.java</file>
            <file>file:/D:/TRABAJO/Avance-Proyecto-copia-10/Avance-Proyecto_copia_2/src/proyecto/Revision.java</file>
        </group>
    </open-files>
</project-private>
